USE Prison;

INSERT INTO DniTygodnia (ID, Nazwa)
VALUES
    (1, 'Poniedzia³ek'),
    (2, 'Wtorek'),
    (3, 'Œroda'),
	(4, 'Czwartek'),
    (5, 'Pi¹tek'),
    (6, 'Sobota'),
	(7, 'Niedziela');

INSERT INTO ZajêciaTabela(ID, Nazwa)
VALUES
    (1, 'Nauczanie umiejêtnoœci informatycznych'),
    (2, 'Nauczanie umiejêtnoœci technicznych'),
    (3, 'Terapie uzale¿nieñ'),
	(4, 'PLanowanie bud¿etu'),
    (5, 'Szkolenia zdrowego stylu ¿ycia'),
    (6, 'Zajêcia teatralne'),
	(7, 'Malarstwo'),
	(8, 'Muzyka'),
	(9, 'Koszykówka'),
	(10, 'Edukacja prawna');

INSERT INTO S¹dyKarne(ID, Nazwa, Adres)
VALUES
    (1, 'S¹d Okrêgowy w Bia³ymstoku','Marii Sk³odowskiej-Curie 1'),
    (2, 'S¹d Okrêgowy w Bydgoszczy','Wa³y Jagielloñskie 2'),
    (3, 'S¹d Okrêgowy w Gdañsku','Nowe Ogrody 30/34'),
	(4, 'S¹d Okrêgowy w Gliwicach','Tadeusza Koœciuszki 15'),
    (5, 'S¹d Okrêgowy w Katowicach','Ul. Andrzeja 16/18'),
    (6, 'S¹d Okrêgowy w Krakowie','Pi³sudskiego 25b'),
	(7, 'S¹d Okrêgowy w Lublinie','plac Józefa Czechowicza 1'),
	(8, 'S¹d Okrêgowy w £odzi','Reymonta 12/14'),
	(9, 'S¹d Okrêgowy w Poznaniu','Boles³awa Chrobrego 7'),
	(10, 'S¹d Okrêgowy w Rzeszowie','Plac Œreniawitów 3'),
	(11, 'S¹d Okrêgowy w Warszawie','Aleja Solidarnoœci 127');

INSERT INTO Odsiadka(ID, Imiê, Nazwisko, DataRozpoczêcia, DataZakoñczenia, GodzinaRozpoczêcia, GodzinaZakoñczenia)
VALUES
	('1', 'Damian', 'Grabowski', '1993-02-07', '2023-05-29', '15:35:00', '12:58:00'),
	('2', 'Patryk', 'Piotrowski', '2010-12-04', '2026-01-14', '12:07:00', '17:32:00'),
	('3', 'Dominik', 'Kaczmarek', '1980-07-08', '2024-03-07', '17:20:00', '11:13:00'),
	('4', 'Rados³aw', 'Krawczyk', '1990-10-21', '2027-08-22', '16:36:00', '14:33:00'),
	('5', 'Przemys³aw', 'Kwiatkowski', '1977-06-11', '2030-11-17', '12:53:00', '13:52:00'),
	('6', 'Robert', 'Wojciechowski', '2015-04-19', '2029-04-05', '14:19:00', '15:57:00'),
	('7', 'Daniel', 'Mazur', '1997-08-01', '2024-10-30', '15:52:00', '10:14:00'),
	('8', 'Adam', 'Jankowski', '2000-01-12', '2028-02-11', '10:11:00', '16:14:00'),
	('9', 'Kamil', 'Koz³owski', '1988-03-17', '2026-12-20', '11:05:00', '17:04:00'),
	('10', 'Bartosz', 'D¹browski', '1991-02-03', '2025-09-14', '13:21:00', '11:39:00'),
	('11', 'Mateusz', 'Wozniak', '1992-09-15', '2023-07-03', '10:37:00', '14:03:00'),
	('12', 'Jakub', 'Szymañski', '1989-10-07', '2030-01-21', '18:00:00', '15:26:00'),
	('13', 'Marcin', 'Zieliñski', '2003-09-12', '2029-05-06', '15:09:00', '10:43:00'),
	('14', 'Micha³', 'Lewandowski', '1974-06-23', '2023-11-29', '13:44:00', '13:08:00'),
	('15', '£ukasz', 'Kamiñski', '1995-03-05', '2028-03-15', '17:28:00', '16:47:00'),
	('16', 'Krzysztof', 'Kowalczyk', '1982-11-18', '2027-09-02', '16:03:00', '12:24:00'),
	('17', 'Pawe³', 'Wójcik', '1978-07-28', '2024-04-07', '12:40:00', '17:49:00'),
	('18', 'Tomasz', 'Wiœniewski', '1998-05-14', '2026-06-18', '11:56:00', '11:30:00'),
	('19', 'Piotr', 'Nowak', '1985-04-02', '2025-12-10', '14:12:00', '10:59:00'),
	('20', 'Adam', 'Kowalski', '1992-07-15', '2023-08-25', '10:25:00', '14:48:00'),
	('21', 'Jan', 'Kowalski', '1988-03-10', '2026-12-20', '11:05:00', '17:04:00'),
	('22', 'Marcin', 'Kowalski', '1988-03-13', '2026-12-20', '11:05:00', '17:04:00'),
	('23', 'Patryk', 'Koz³owski', '1988-03-20', '2026-12-20', '11:05:00', '17:04:00'),
	('24', 'Janek', 'Grabowski', '1993-02-07', '2023-05-29', '15:35:00', '12:58:00');

INSERT INTO Przepustka(ID, DataWyjœcia, DataPowrotu, GodzinaWyjœcia, GodzinaPowrotu, Przyczyna, OdsiadkaID)
VALUES
	('1', '1995-03-28', '1995-04-11', '15:35:00', '12:58:00', 'Pogrzeb ¿ony', '1'),
	('2', '2013-03-01', '2013-03-02', '12:07:00', '12:32:00', 'Œlub siostry', '2'),
	('3', '1982-10-28', '1982-11-11', '17:20:00', '11:13:00', 'Œlub córki', '3'),
	('4', '1992-02-10', '1992-02-24', '16:36:00', '14:33:00', NULL, '4'),
	('5', '1979-09-03', '1979-09-17', '12:53:00', '13:52:00', 'Œlub córki', '5'),
	('6', '2017-07-05', '2017-07-19', '14:19:00', '15:57:00', 'Choroba', '6'),
	('7', '1999-08-22', '1999-08-29', '15:52:00', '10:14:00', 'Choroba', '7'),
	('8', '2002-02-26', '2002-03-12', '10:11:00', '16:14:00', 'Œlub córki', '8'),
	('9', '1990-04-03', '1990-04-17', '11:05:00', '17:04:00', NULL, '9'),
	('10', '1993-04-20', '1993-05-04', '13:21:00', '11:39:00', 'Pogrzeb ¿ony', '10'),
	('11', '1994-12-06', '1994-12-20', '10:37:00', '14:03:00', NULL, '11'),
	('12', '1991-11-28', '1991-12-12', '18:00:00', '15:26:00', 'Choroba', '12'),
	('13', '2005-10-03', '2005-10-17', '15:09:00', '10:43:00', 'Choroba', '13'),
	('14', '1976-09-08', '1976-09-22', '13:44:00', '13:08:00', 'Œlub siostry', '14'),
	('15', '1997-06-25', '1997-07-09', '17:28:00', '16:47:00', 'Pogrzeb córki', '15'),
	('16', '1985-01-08', '1985-01-22', '16:03:00', '12:24:00', NULL, '16'),
	('17', '1980-09-14', '1980-09-28', '12:40:00', '17:49:00', 'Œlub siostry', '17'),
	('18', '2000-06-03', '2000-06-17', '11:56:00', '11:30:00', 'Pogrzeb ¿ony', '18'),
	('19', '1987-07-20', '1987-08-03', '14:12:00', '10:59:00', NULL, '19'),
	('20', '1994-10-01', '1994-10-15', '10:25:00', '14:48:00', NULL, '20'),
	('21', '2013-03-08', '2013-04-09', '12:07:00', '17:32:00', 'Rozwód siostry', '2'),
	('23', '2013-03-23', '2013-03-24', '12:07:00', '12:32:00', 'Œlub siostry', '2');

INSERT INTO Wyrok(ID,NumerWyroku, Info, OdsiadkaID)
VALUES
	('8', '5432167', 'Oszustwo finansowe', '20'),
	('5', '4567890', 'Napad z u¿yciem przemocy', '19'),
	('4', '6871234', 'Oszustwo finansowe', '18'),
	('2', '2134567', 'Porwanie', '17'),
	('7', '542319', 'Przemoc domowa', '16'),
	('3', '8902345', 'Oszustwo finansowe', '15'),
	('7', '4657231', 'Przemoc domowa', '14'),
	('9', '2345890', 'Przekupstwo', '13'),
	('11', '5678321', 'Przemoc domowa', '12'),
	('5', '3987654', 'Napad z u¿yciem przemocy', '11'),
	('1', '1209876', 'Próba zabójstwa', '10'),
	('11', '642134', 'Napad z u¿yciem przemocy', '9'),
	('11', '4219432', 'Porwanie', '8'),
	('1', '712345', 'Oszustwo finansowe', '7'),
	('4', '2990567', 'Porwanie', '6'),
	('7', '624938', 'Napad z u¿yciem przemocy', '5'),
	('4', '3897124', 'Próba zabójstwa', '4'),
	('11', '7439856', 'Porwanie', '3'),
	('2', '567821', 'Przemyt ludzi', '2'),
	('1', '1534272', 'Porwanie', '1');

INSERT INTO BlokWiêzienny(ID, StopieñRygoru, Funkcjonalnoœæ)
VALUES
	('1', '2', 'Cela wiêzienna'),
	('2', '1', 'Cela wiêzienna'),
	('3', '2', 'Cela wiêzienna'),
	('4', '3', 'Cela wiêzienna'),
	('5', '2', 'Cela wiêzienna'),
	('6', '3', 'Cela wiêzienna'),
	('7', '3', 'Cela wiêzienna'),
	('8', '2', 'Cela wiêzienna'),
	('9', '3', 'Cela wiêzienna'),
	('10', '2', 'Cela wiêzienna'),
	('11', '0', 'Obszar rekreacyjny'),
	('12', '0', 'Obszar rekreacyjny'),
	('13', '0', 'Przezornia'),
	('14', '0', 'S³u¿by medyczne'),
	('15', '0', 'Warsztaty pracy'),
	('16', '0', 'Obszar rekreacyjny'),
	('17', '0', 'Sto³ówka'),
	('18', '0', 'Sala kultu religijnego'),
	('19', '0', 'Przezornia'),
	('20', '0', 'Biblioteka');

INSERT INTO Cela(ID, IloœæPryczy, IloœæZajêtychMiejsc,BlokID)
VALUES
	('101', '1', '1', '6'),
	('102', '1', '0', '4'),
	('103', '1', '0', '7'),
	('104', '1', '1', '7'),
	('105', '9', '8', '7'),
	('106', '9', '8', '3'),
	('107', '9', '8', '7'),
	('108', '7', '6', '10'),
	('109', '7', '6', '7'),
	('110', '9', '8', '2'),
	('111', '8', '7', '4'),
	('112', '9', '8', '2'),
	('113', '7', '6', '6'),
	('114', '7', '6', '3'),
	('115', '9', '8', '6'),
	('116', '7', '6', '2'),
	('117', '8', '7', '4'),
	('118', '7', '6', '6'),
	('119', '9', '8', '9'),
	('120', '7', '6', '6');

INSERT INTO RejestrCel(ID, DataRozpoczêcia, CelaID, OdsiadkaID)
VALUES
	('1', '1993-03-08', '101', '1'),
	('2', '2010-12-05', '102', '2'),
	('3', '1980-07-09', '103', '3'),
	('4', '1990-10-22', '104', '4'),
	('5', '1977-06-12', '105', '5'),
	('6', '2015-04-20', '106', '6'),
	('7', '1997-08-02', '107', '7'),
	('8', '2000-01-13', '108', '8'),
	('9', '1988-03-18', '109', '9'),
	('10', '1991-02-04', '110', '10'),
	('11', '1992-09-16', '111', '11'),
	('12', '1989-10-08', '112', '12'),
	('13', '2003-09-13', '113', '13'),
	('14', '1974-06-24', '114', '14'),
	('15', '1995-03-06', '115', '15'),
	('16', '1982-11-19', '116', '16'),
	('17', '1978-07-29', '117', '17'),
	('18', '1998-05-15', '118', '18'),
	('19', '1985-04-03', '119', '19'),
	('20', '1992-07-16', '120', '20');
	
INSERT INTO RejestrCel(ID, DataRozpoczêcia, DataZakoñczenia, CelaID, OdsiadkaID)
VALUES
	('21', '1993-02-08', '1993-03-08', '102', '1'),
	('22', '1993-02-14', '1993-02-26', '102', '23');

INSERT INTO Zajêcia(ID, Imiê, Nazwisko, NumerKontaktowy, DzieñTygodnia, GodzinaRozpoczêcia, GodzinaZakoñczenia, Powtarzalnoœæ, Miejsce)
VALUES
	('1', 'Joanna', 'Williams', '+48 510 123 456', '1', '09:50', '10:20', 'NULL', 'Obszar rekreacyjny'),
	('2', 'Marta', 'Moore', '+48 509 012 345', '1', '06:25', '07:55', 'NULL', 'Sala edukacyjna'),
	('3', 'Katarzyna', 'Williams', '+48 508 901 234', '5', '03:55', '04:25', 'Co tydzieñ', 'Warsztaty pracy'),
	('4', 'Magdalena', 'Miller', '+48 507 890 123', '4', '01:10', '01:40', 'NULL', 'Obszar rekreacyjny'),
	('5', 'Monika', 'Jones', '+48 506 789 012', '6', '22:35', '23:05', 'NULL', 'Sala rehabilitacyjna'),
	('6', 'Monika', 'Williams', '+48 505 678 901', '5', '20:00', '20:30', 'NULL', 'Obszar rekreacyjny'),
	('7', 'Marta', 'Johnson', '+48 504 567 890', '6', '17:20', '17:50', 'NULL', 'Sala rehabilitacyjna'),
	('8', 'Monika', 'Taylor', '+48 503 456 789', '2', '14:45', '15:15', 'Co tydzieñ', 'Warsztaty pracy'),
	('9', 'Marta', 'Wilson', '+48 512 345 678', '4', '11:15', '11:45', 'Co dwa tygodnie', 'Sala edukacyjna'),
	('10', 'Joanna', 'Wilson', '+48 501 234 567', '2', '08:30', '09:00', 'Co tydzieñ', 'Obszar rekreacyjny');

INSERT INTO Zapisy(ID, DataZapisu, GodzinaZapisu, ZajêciaID, OdsiadkaID)
VALUES
	('1', '1993-07-16', '08:30', '9', '1'),
	('2', '1986-04-03', '11:15', '3', '2'),
	('3', '1999-05-15', '14:45', '2', '3'),
	('4', '1979-07-29', '17:20', '2', '4'),
	('5', '1983-11-19', '20:00', '4', '5'),
	('6', '1996-03-06', '22:35', '3', '6'),
	('7', '1975-06-24', '01:10', '9', '7'),
	('8', '2004-09-13', '03:55', '6', '8'),
	('9', '1990-10-08', '06:25', '2', '9'),
	('10', '1993-09-16', '09:50', '7', '10'),
	('11', '1992-02-04', '12:20', '2', '11'),
	('12', '1989-03-18', '15:40', '3', '12'),
	('13', '2001-01-13', '18:05', '3', '13'),
	('14', '1998-08-02', '21:30', '7', '14'),
	('15', '2016-04-20', '00:45', '6', '15'),
	('16', '1978-06-12', '04:15', '10', '16'),
	('17', '1991-10-22', '06:50', '7', '17'),
	('18', '1981-07-09', '10:05', '7', '18'),
	('19', '2011-12-05', '13:25', '10', '19'),
	('20', '1994-02-08', '16:55', '2', '20');

INSERT INTO Obecnoœæ(ID, DataZajêæ, ZajêciaID, OdsiadkaID)
VALUES
	('1', '1993-07-19', '9', '1'),
	('2', '1986-04-06', '3', '2'),
	('3', '1999-05-18', '2', '3'),
	('4', '1979-08-01', '2', '4'),
	('5', '1983-11-22', '4', '5'),
	('6', '1996-03-09', '3', '6'),
	('7', '1975-06-27', '9', '7'),
	('8', '2004-09-15', '6', '8'),
	('9', '1990-10-11', '2', '9'),
	('10', '1993-09-19', '7', '10'),
	('11', '1992-02-07', '2', '11'),
	('12', '1989-03-21', '3', '12'),
	('13', '2001-01-16', '3', '13'),
	('14', '1998-08-04', '7', '14'),
	('15', '2016-04-23', '6', '15'),
	('16', '1978-06-15', '10', '16'),
	('17', '1991-10-25', '7', '17'),
	('18', '1981-07-12', '7', '18'),
	('19', '2011-12-08', '10', '19'),
	('20', '1994-02-11', '2', '20'),
	('21', '1993-07-20', '9', '1'),
	('22', '1993-07-21', '9', '1'),
	('23', '1993-07-22', '9', '1'),
	('24', '1986-04-07', '3', '2'),
	('25', '1986-04-08', '3', '2'),
	('26', '1986-04-09', '3', '2'),
	('27', '1986-04-10', '3', '2'),
	('28', '1999-05-18', '2', '3'),
	('29', '1999-05-19', '2', '3'),
	('30', '1999-05-20', '2', '3'),
	('31', '1999-05-21', '2', '3'),
	('32', '1999-05-22', '2', '3'),
	('33', '1999-05-23', '2', '3'),
	('34', '1999-05-24', '2', '3'),
	('35', '1999-05-25', '2', '3'),
	('36', '1999-05-26', '2', '3'),
	('37', '1999-05-27', '2', '3'),
	('38', '1993-09-21', '7', '10'),
	('39', '1993-09-22', '7', '10'),
	('40', '1993-09-23', '7', '10'),	
	('41', '1993-09-24', '7', '10'),
	('42', '1993-09-25', '7', '10'),
	('43', '1993-09-26', '7', '10'),
	('44', '1993-09-27', '7', '10');
INSERT INTO Odwiedzaj¹cy(ID, Imiê, Nazwisko, NumerKontaktowy, Relacja)
VALUES
	('1', 'Alicja', 'Grabowska', '+48 600 123 456', 'Prawniczka'),
	('2', 'Aleksandra', 'Piotrowska', '+48 512 345 678', 'Córka'),
	('3', 'Anna', 'Kaczmarek', '+48 503 456 789', '¯ona'),
	('4', 'Agata', 'Krawczyk', '+48 504 567 890', '¯ona'),
	('5', 'Barbara', 'Kwiatkowska', '+48 505 678 901', 'Prawniczka'),
	('6', 'Beata', 'Wojciechowska', '+48 506 789 012', 'Córka'),
	('7', 'Bogna', 'Mazur', '+48 507 890 123', 'Prawniczka'),
	('8', 'Kamila', 'Jankowska', '+48 508 901 234', 'Siostra'),
	('9', 'Katarzyna', 'Koz³owska', '+48 509 012 345', '¯ona'),
	('10', 'Kinga', 'D¹browska', '+48 510 123 456', '¯ona'),
	('11', 'Adriana', 'Wozniak', '+48 511 234 567', '¯ona'),
	('12', 'Angelika', 'Szymañska', '+48 512 345 678', 'Córka'),
	('13', 'Anita', 'Zieliñska', '+48 513 456 789', 'Córka'),
	('14', 'Alicja', 'Lewandowska', '+48 514 567 890', '¯ona'),
	('15', 'Agnieszka', 'Kamiñska', '+48 515 678 901', 'Siostra'),
	('16', 'Aneta', 'Kowalczyk', '+48 516 789 012', 'Znajoma'),
	('17', 'Aleksandra', 'Wójcik', '+48 517 890 123', '¯ona'),
	('18', 'Amelia', 'Wiœniewska', '+48 518 901 234', '¯ona'),
	('19', 'Barbara', 'Nowak', '+48 519 012 345', 'Znajoma'),
	('20', 'Aleksandra', 'Kowalska', NULL, '¯ona');

INSERT INTO Odwiedza(Odwiedzaj¹cyID, OdsiadkaID)
VALUES
	('1', '1'),
	('2', '2'),
	('3', '3'),
	('4', '4'),
	('5', '5'),
	('6', '6'),
	('7', '7'),
	('8', '8'),
	('9', '9'),
	('10', '10'),
	('11', '11'),
	('12', '12'),
	('13', '13'),
	('14', '14'),
	('15', '15'),
	('16', '16'),
	('17', '17'),
	('18', '18'),
	('19', '19'),
	('20', '20');

INSERT INTO Odwiedziny(ID, DataOdwiedzin, GodzinaRopoczêcia, GodzinaZakoñczenia, OdsiadkaID)
VALUES
	('1', '1993-09-12', '14:15', '15:45', '1'),
	('2', '1993-09-12', '14:40', '16:10', '2'),
	('3', '1999-08-08', '14:55', '16:25', '3'),
	('4', '1979-10-23', '15:20', '16:50', '4'),
	('5', '1984-02-13', '15:45', '17:15', '5'),
	('6', '1996-06-02', '16:10', '17:40', '6'),
	('7', '1975-09-17', '16:35', '18:05', '7'),
	('8', '2004-11-06', '17:00', '18:30', '8'),
	('9', '1990-12-02', '17:25', '18:55', '9'),
	('10', '1994-09-07', '17:50', '19:20', '10'),
	('11', '1992-04-28', '14:30', '15:45', '11'),
	('12', '1989-06-14', '14:45', '16:00', '12'),
	('13', '2001-03-08', '15:10', '16:25', '13'),
	('14', '1998-10-26', '15:35', '16:50', '14'),
	('15', '2016-07-11', '16:00', '17:15', '15'),
	('16', '1978-09-05', '16:25', '17:40', '16'),
	('17', '1991-12-13', '16:50', '18:05', '17'),
	('18', '1982-09-30', '17:15', '18:30', '18'),
	('19', '2012-02-01', '17:40', '18:55', '19'),
	('20', '1994-04-03', '17:55', '19:20', '20'),
	('21', '1993-09-13', '14:15', '15:45', '1'),
	('22', '1993-09-14', '14:15', '15:45', '1');

INSERT INTO Przychodzi(Odwiedzaj¹cyID, OdwiedzinyID)
VALUES
	('1', '1'),
	('2', '2'),
	('3', '3'),
	('4', '4'),
	('5', '5'),
	('6', '6'),
	('7', '7'),
	('8', '8'),
	('9', '9'),
	('10', '10'),
	('11', '11'),
	('12', '12'),
	('13', '13'),
	('14', '14'),
	('15', '15'),
	('16', '16'),
	('17', '17'),
	('18', '18'),
	('19', '19'),
	('20', '20'),
	('2', '21'),
	('3', '22');

INSERT INTO Badania(ID, DataBadania, GodzinaBadania, Imiê, Nazwisko, NumerKontaktowy, Opis, OdsiadkaID)
VALUES
	('1', '1993-02-25', '08:30', 'Dominika', 'Nowak', '+48 503 456 789', 'Ból g³owy', '1'),
	('2', '1987-09-15', '11:15', 'Adrian', 'Szulc', '+48 512 345 678', 'Gor¹czka', '2'),
	('3', '2000-10-22', '14:45', 'Dominika', 'Nowak', '+48 503 456 789', 'Katar', '3'),
	('4', '1980-01-16', '17:20', 'Patrycja', 'Szwarc', '+48 504 567 890', 'Ból gard³a', '4'),
	('5', '1984-06-06', '20:00', 'Dominika', 'Nowak', '+48 503 456 789', 'Ból brzucha', '5'),
	('6', '1996-08-19', '22:35', 'Patrycja', 'Szwarc', '+48 504 567 890', 'Ból pleców', '6'),
	('7', '1975-12-10', '01:10', 'Patrycja', 'Szwarc', '+48 504 567 890', 'Zawroty g³owy', '7'),
	('8', '2005-03-20', '03:55', 'Dominika', 'Nowak', '+48 503 456 789', 'Migrena', '8'),
	('9', '1991-04-05', '06:25', 'Patrycja', 'Szwarc', '+48 504 567 890', 'Nudnoœci', '9'),
	('10', '1995-01-10', '09:50', 'Dominika', 'Nowak', '+48 503 456 789', 'Zaparcia', '10'),
	('11', '1993-09-15', '08:30', 'Patrycja', 'Szwarc', '+48 504 567 890', 'Ból g³owy', '11'),
	('12', '1990-10-07', '11:15', 'Patrycja', 'Szwarc', '+48 504 567 890', 'Gor¹czka', '12'),
	('13', '2002-07-11', '14:45', 'Patrycja', 'Szwarc', '+48 504 567 890', 'Katar', '13'),
	('14', '1999-01-05', '17:20', 'Adrian', 'Szulc', '+48 512 345 678', 'Ból gard³a', '14'),
	('15', '2017-01-24', '20:00', 'Adrian', 'Szulc', '+48 512 345 678', 'Ból brzucha', '15'),
	('16', '1979-11-19', '22:35', 'Patrycja', 'Szwarc', '+48 504 567 890', 'Ból pleców', '16'),
	('17', '1992-04-05', '01:10', 'Adrian', 'Szulc', '+48 512 345 678', 'Zawroty g³owy', '17'),
	('18', '1983-02-14', '03:55', 'Dominika', 'Nowak', '+48 503 456 789', 'Migrena', '18'),
	('19', '2012-06-04', '06:25', 'Patrycja', 'Szwarc', '+48 504 567 890', 'Nudnoœci', '19'),
	('20', '1994-07-06', '09:50', 'Patrycja', 'Szwarc', '+48 504 567 890', 'Zaparcia', '20');
